time,as0,as3356,as9008,as13030,as15169,as16276,as36692,as37560,as43350,as60781,total
2015-09-15T23:09:36Z,0.10646,0.01218,0.00626,0.02871,0.33751,0.11376,0.00275,0.00996,0.01334,0.01355,0.64448
2015-09-17T01:15:53Z,0.12954,0.00778,0.00011,0.02150,0.32644,0.10016,0.00211,0.01015,0.01867,0.01029,0.62675
2015-09-18T01:59:57Z,0.10494,0.01129,0.00864,0.02943,0.32183,0.10727,0.00514,0.01100,0.02480,0.02222,0.64656
2015-09-19T01:59:54Z,0.11107,0.01036,0.00012,0.01723,0.33329,0.10925,0.00763,0.01095,0.01749,0.01521,0.63260
2015-09-20T01:59:50Z,0.10641,0.00926,0.00014,0.02038,0.34403,0.12432,0.00854,0.01042,0.01755,0.02579,0.66684
2015-09-20T23:22:55Z,0.11305,0.01549,0.00025,0.02237,0.32757,0.11309,0.00867,0.01023,0.02268,0.02207,0.65547
2015-09-22T01:59:43Z,0.11171,0.01171,0.00047,0.04243,0.30164,0.12219,0.00231,0.01102,0.01394,0.01395,0.63137
2015-09-23T01:30:17Z,0.10886,0.01142,0.00039,0.03735,0.32673,0.11047,0.00170,0.01102,0.02251,0.02207,0.65252
2015-09-24T01:36:51Z,0.12856,0.00809,0.00005,0.05118,0.31956,0.11356,0.00962,0.01116,0.02158,0.02364,0.68700
2015-09-25T00:13:48Z,0.11951,0.01406,0.00757,0.04642,0.31523,0.11605,0.00395,0.00970,0.01786,0.02651,0.67686
2015-09-26T01:23:26Z,0.12414,0.00775,0.00012,0.05822,0.33132,0.11005,0.00349,0.00865,0.01349,0.01701,0.67424
2015-09-27T01:59:24Z,0.10808,0.01002,0.00015,0.02884,0.33077,0.11213,0.00724,0.00000,0.02884,0.03243,0.65850
2015-09-29T00:47:14Z,0.10994,0.01118,0.00717,0.02063,0.31839,0.14129,0.00173,0.00415,0.02336,0.02449,0.66233
2015-09-30T01:02:17Z,0.14694,0.01181,0.00012,0.02459,0.30318,0.12686,0.01388,0.00603,0.02199,0.01902,0.67442
2015-10-01T01:59:08Z,0.09736,0.01420,0.00020,0.01339,0.29951,0.13424,0.00447,0.00630,0.02884,0.02108,0.61959
2015-10-02T01:12:52Z,0.11159,0.01039,0.00842,0.01884,0.29731,0.13178,0.00857,0.00610,0.02151,0.03224,0.64675
2015-10-03T01:27:47Z,0.11377,0.00364,0.00027,0.01039,0.32771,0.13567,0.00259,0.00626,0.02643,0.03091,0.65764
2015-10-04T01:58:56Z,0.11168,0.00584,0.00053,0.02308,0.30375,0.12104,0.01127,0.00660,0.02693,0.02231,0.63303
2015-10-05T01:59:00Z,0.13446,0.01069,0.00712,0.01312,0.31005,0.11753,0.01355,0.00620,0.02129,0.02184,0.65585
2015-10-06T01:56:07Z,0.09795,0.02569,0.00052,0.01216,0.34157,0.11930,0.00385,0.00624,0.01723,0.04295,0.66746
2015-10-07T01:58:41Z,0.12073,0.01101,0.00070,0.01801,0.31836,0.13139,0.00344,0.00677,0.01798,0.03272,0.66111
2015-10-08T01:58:38Z,0.11228,0.01027,0.00067,0.02720,0.28239,0.13328,0.00424,0.00680,0.02460,0.03062,0.63235
2015-10-09T01:58:38Z,0.10116,0.00919,0.00065,0.01024,0.29442,0.12478,0.01408,0.00720,0.01304,0.05275,0.62751
2015-10-10T01:58:39Z,0.10715,0.01325,0.00038,0.01538,0.32354,0.11907,0.00384,0.00707,0.00873,0.04012,0.63853
2015-10-11T01:58:38Z,0.11687,0.02918,0.00736,0.01519,0.30379,0.12896,0.00610,0.00696,0.01867,0.04524,0.67832
2015-10-12T01:58:38Z,0.09536,0.02259,0.00060,0.01234,0.31127,0.12302,0.01546,0.00629,0.02425,0.02681,0.63799
2015-10-13T01:58:39Z,0.13098,0.01167,0.00050,0.01058,0.30707,0.13042,0.00810,0.00648,0.02736,0.04427,0.67743
2015-10-14T01:58:38Z,0.12178,0.01075,0.00038,0.02517,0.32276,0.12369,0.00370,0.00664,0.03217,0.03235,0.67939
2015-10-15T01:58:38Z,0.11518,0.01438,0.00686,0.02109,0.29930,0.10097,0.00214,0.00682,0.01271,0.04076,0.62021
2015-10-16T01:58:38Z,0.11012,0.02195,0.00039,0.03463,0.30087,0.08861,0.00400,0.00707,0.01653,0.03483,0.61900
2015-10-17T01:58:38Z,0.11360,0.01248,0.00851,0.01821,0.32359,0.09272,0.00241,0.00721,0.02581,0.04157,0.64611
2015-10-18T01:58:38Z,0.10070,0.02355,0.00088,0.01941,0.28561,0.09803,0.00873,0.00710,0.02866,0.03810,0.61077
2015-10-19T01:58:38Z,0.11712,0.01144,0.00125,0.01739,0.33707,0.08488,0.00435,0.00714,0.02757,0.03023,0.63844
2015-10-20T01:58:38Z,0.12897,0.02488,0.00130,0.02278,0.28643,0.07848,0.00403,0.00696,0.01490,0.04923,0.61796
2015-10-21T01:58:38Z,0.09850,0.02181,0.00242,0.02719,0.34489,0.09396,0.00397,0.00724,0.02009,0.04109,0.66116
2015-10-22T01:58:38Z,0.10733,0.00673,0.00241,0.01242,0.34407,0.08801,0.00242,0.00723,0.03102,0.04238,0.64402
2015-10-23T01:58:38Z,0.09249,0.01022,0.00283,0.01707,0.29563,0.08594,0.00339,0.00735,0.02192,0.03722,0.57406
2015-10-24T01:58:38Z,0.12285,0.01837,0.01202,0.01668,0.28077,0.08240,0.02926,0.00732,0.02544,0.02107,0.61618
2015-10-25T02:33:28Z,0.13084,0.00956,0.00292,0.01791,0.26075,0.08434,0.01398,0.00738,0.02180,0.02424,0.57372
2015-10-26T02:48:27Z,0.14188,0.00389,0.01123,0.01458,0.32438,0.08180,0.01476,0.00717,0.02179,0.01806,0.63954
2015-10-27T02:57:22Z,0.12771,0.00914,0.00297,0.02221,0.32439,0.07535,0.00571,0.00783,0.02655,0.01192,0.61378
2015-10-28T02:57:16Z,0.13306,0.01474,0.00300,0.01853,0.25001,0.08919,0.01481,0.00916,0.01779,0.02619,0.57648
2015-10-29T02:57:17Z,0.11155,0.00646,0.01435,0.01615,0.28066,0.07526,0.01707,0.01048,0.02158,0.02890,0.58246
2015-10-30T02:57:16Z,0.12394,0.00391,0.00382,0.02500,0.29812,0.09018,0.00913,0.01102,0.01726,0.02511,0.60749
2015-10-31T02:57:16Z,0.12195,0.00468,0.01343,0.03255,0.29882,0.09662,0.00681,0.00961,0.01510,0.01914,0.61871
2015-11-01T02:57:17Z,0.10535,0.00528,0.00351,0.01476,0.34753,0.09214,0.00186,0.00941,0.01528,0.01883,0.61395
2015-11-02T02:57:16Z,0.11949,0.00975,0.01336,0.02139,0.29823,0.09274,0.00812,0.01112,0.02154,0.00981,0.60555
2015-11-03T02:57:16Z,0.13050,0.01155,0.00355,0.02459,0.30260,0.09434,0.00370,0.01133,0.02006,0.02058,0.62280
2015-11-04T02:57:16Z,0.12322,0.00611,0.00336,0.01886,0.29620,0.09630,0.00131,0.01091,0.02681,0.01800,0.60108
2015-11-05T02:57:17Z,0.12481,0.00813,0.00350,0.02327,0.28594,0.09665,0.02750,0.01172,0.01463,0.02072,0.61687
2015-11-06T02:57:16Z,0.13113,0.00861,0.00000,0.02060,0.23569,0.10014,0.03896,0.01615,0.03010,0.02600,0.60738
2015-11-07T02:57:16Z,0.14665,0.01331,0.00964,0.01151,0.27294,0.09511,0.03187,0.01579,0.02780,0.01973,0.64435
2015-11-08T02:57:16Z,0.11872,0.01422,0.01348,0.00949,0.29090,0.08731,0.00489,0.01541,0.03325,0.03704,0.62471
2015-11-09T02:57:16Z,0.11805,0.00519,0.01160,0.00873,0.30875,0.09507,0.02623,0.01501,0.02673,0.02498,0.64034
2015-11-10T02:57:16Z,0.10366,0.01260,0.00340,0.00854,0.28099,0.08597,0.04103,0.01555,0.02765,0.03467,0.61406
2015-11-11T02:57:17Z,0.11142,0.00615,0.00365,0.02750,0.25536,0.09237,0.03223,0.01495,0.02140,0.02798,0.59301
2015-11-12T02:57:16Z,0.11848,0.01158,0.02643,0.01273,0.26035,0.08126,0.01447,0.01723,0.01759,0.02681,0.58693
2015-11-13T02:57:16Z,0.09447,0.00721,0.00458,0.02389,0.30884,0.08015,0.00387,0.01749,0.02726,0.01364,0.58140
2015-11-14T02:57:16Z,0.11930,0.00479,0.00415,0.02071,0.32531,0.09295,0.00389,0.02042,0.02025,0.02007,0.63184
2015-11-15T02:57:16Z,0.10783,0.01163,0.00423,0.02900,0.29769,0.08675,0.01135,0.02083,0.02270,0.01550,0.60751
2015-11-16T02:57:16Z,0.11946,0.00768,0.01594,0.02019,0.28863,0.09929,0.00944,0.02219,0.01760,0.01735,0.61777
2015-11-17T02:57:16Z,0.12792,0.01641,0.02318,0.02116,0.28086,0.09727,0.00219,0.02256,0.01355,0.01472,0.61982
2015-11-18T02:57:16Z,0.14124,0.01315,0.00440,0.00458,0.26538,0.09400,0.01676,0.02302,0.01991,0.01989,0.60233
2015-11-19T02:57:16Z,0.11192,0.00649,0.01298,0.01823,0.30339,0.09950,0.00497,0.02303,0.02103,0.01354,0.61508
2015-11-20T02:57:16Z,0.14984,0.00558,0.01385,0.02514,0.25707,0.09490,0.00393,0.02456,0.02542,0.01866,0.61895
2015-11-21T02:57:17Z,0.11944,0.01449,0.01109,0.01911,0.32836,0.08776,0.00381,0.00000,0.01830,0.01645,0.61881
2015-11-22T02:57:17Z,0.11643,0.01714,0.00318,0.01634,0.31225,0.08525,0.01305,0.00000,0.02405,0.02069,0.60838
2015-11-23T02:57:17Z,0.12800,0.01746,0.01326,0.01568,0.31704,0.08817,0.00209,0.01957,0.00816,0.02561,0.63504
2015-11-24T02:57:18Z,0.11041,0.01742,0.00338,0.03111,0.30441,0.08776,0.00376,0.02838,0.02306,0.03028,0.63997
2015-11-25T02:57:17Z,0.11112,0.01301,0.01159,0.01960,0.31171,0.08530,0.01108,0.03074,0.01203,0.03005,0.63623
2015-11-26T02:57:17Z,0.12620,0.01559,0.00342,0.03194,0.31342,0.05470,0.00299,0.03036,0.01170,0.00646,0.59678
2015-11-27T02:57:17Z,0.14391,0.01596,0.01212,0.02454,0.31533,0.04581,0.00958,0.03401,0.02572,0.01820,0.64518
2015-11-28T02:57:17Z,0.13812,0.02037,0.00296,0.01252,0.31861,0.05731,0.03397,0.03461,0.01040,0.00918,0.63805
2015-11-29T02:57:17Z,0.12756,0.01212,0.00354,0.02514,0.31331,0.06570,0.00337,0.03443,0.01272,0.03442,0.63231
2015-11-30T02:57:17Z,0.09215,0.01169,0.01489,0.01765,0.34725,0.05771,0.00665,0.03415,0.01523,0.03823,0.63560
2015-12-01T02:57:17Z,0.10946,0.01290,0.01537,0.02561,0.32320,0.07374,0.00382,0.03483,0.02054,0.03316,0.65263
2015-12-04T02:57:17Z,0.12731,0.01327,0.01240,0.01953,0.31119,0.09460,0.00517,0.03620,0.02280,0.01800,0.66047
2015-12-05T02:57:17Z,0.10743,0.01204,0.01130,0.01806,0.32000,0.08719,0.00298,0.02827,0.01947,0.02163,0.62837
2015-12-06T02:57:17Z,0.12164,0.01673,0.00352,0.02109,0.33506,0.08344,0.00470,0.00000,0.02049,0.02131,0.62798
2015-12-07T02:57:17Z,0.10381,0.01595,0.01619,0.02166,0.28517,0.08289,0.00384,0.04002,0.02317,0.03026,0.62296
2015-12-08T02:57:17Z,0.11501,0.01690,0.00412,0.01941,0.28082,0.08003,0.00539,0.03341,0.02457,0.02686,0.60652
2015-12-10T02:57:17Z,0.09936,0.01516,0.00420,0.01883,0.35006,0.05642,0.00626,0.00000,0.02162,0.02185,0.59376
2015-12-11T02:57:18Z,0.10675,0.01355,0.01724,0.01943,0.27870,0.06566,0.01635,0.02871,0.01440,0.02244,0.58323
2015-12-12T02:57:17Z,0.11377,0.01409,0.00459,0.01985,0.29777,0.06046,0.04775,0.02813,0.02365,0.02919,0.63925
2015-12-13T02:57:17Z,0.14964,0.01622,0.00459,0.00783,0.33148,0.05679,0.00817,0.02863,0.01960,0.02365,0.64660
2015-12-14T02:57:17Z,0.10769,0.03132,0.01657,0.01471,0.34737,0.06016,0.00339,0.02591,0.02566,0.02187,0.65465
2015-12-15T02:57:17Z,0.10219,0.01897,0.01621,0.02040,0.34167,0.06039,0.03433,0.02720,0.00876,0.03494,0.66506
2015-12-16T02:57:17Z,0.11963,0.01466,0.00438,0.01347,0.32836,0.05886,0.00588,0.02910,0.00968,0.01996,0.60398
2015-12-17T02:57:17Z,0.12444,0.01849,0.01301,0.01317,0.30510,0.07030,0.00938,0.02939,0.00888,0.03795,0.63011
2015-12-18T02:57:17Z,0.12385,0.01298,0.01425,0.01252,0.31008,0.07466,0.02376,0.00000,0.01804,0.02364,0.61378
2015-12-19T02:57:17Z,0.12505,0.02335,0.02830,0.01215,0.29747,0.06949,0.00706,0.00000,0.02661,0.02217,0.61165
2015-12-20T02:57:17Z,0.11508,0.01650,0.00327,0.00691,0.34941,0.06950,0.00444,0.00000,0.01696,0.02296,0.60503
2015-12-21T02:57:17Z,0.15954,0.01203,0.01535,0.01224,0.32145,0.07303,0.00611,0.02916,0.01871,0.01396,0.66158
2015-12-22T02:57:17Z,0.14177,0.02004,0.00806,0.00486,0.34725,0.05725,0.00616,0.02926,0.01651,0.01701,0.64817
2015-12-23T02:57:17Z,0.13272,0.00885,0.00366,0.00877,0.32544,0.07207,0.00278,0.02935,0.02550,0.02096,0.63010
2015-12-24T02:57:17Z,0.13225,0.00987,0.00363,0.00948,0.33321,0.06125,0.00363,0.02258,0.02682,0.03665,0.63937
2015-12-25T02:57:17Z,0.12684,0.00551,0.00335,0.00000,0.32819,0.07436,0.02378,0.00000,0.02866,0.02362,0.61431
2015-12-26T02:57:17Z,0.13476,0.01324,0.00356,0.01517,0.34756,0.06778,0.01317,0.00000,0.02504,0.02072,0.64100
2015-12-27T02:57:17Z,0.13794,0.00860,0.00359,0.00837,0.33403,0.07330,0.00543,0.01036,0.02283,0.03079,0.63524
2015-12-28T02:57:19Z,0.13160,0.00767,0.01338,0.01541,0.32368,0.06349,0.01021,0.01070,0.02858,0.02402,0.62874
2015-12-29T02:57:17Z,0.14322,0.01092,0.01349,0.00626,0.31948,0.06833,0.02423,0.00848,0.02773,0.03915,0.66129
2015-12-30T02:57:17Z,0.11808,0.00976,0.00352,0.00785,0.35183,0.06378,0.04126,0.00826,0.02796,0.03430,0.66660
2015-12-31T02:57:19Z,0.11334,0.00436,0.00000,0.01135,0.38375,0.05453,0.00110,0.00313,0.03367,0.02388,0.62911
2016-01-01T02:57:19Z,0.11171,0.02487,0.00000,0.00678,0.33104,0.06426,0.04496,0.01070,0.03341,0.02615,0.65388
2016-01-02T02:57:19Z,0.12792,0.02646,0.00000,0.00615,0.34708,0.06554,0.00963,0.01904,0.01943,0.03578,0.65703
2016-01-03T02:57:19Z,0.13773,0.01988,0.00556,0.01086,0.32447,0.06214,0.01284,0.00000,0.02788,0.03614,0.63750
2016-01-04T02:57:19Z,0.12679,0.01913,0.00000,0.01316,0.33865,0.06345,0.00370,0.01882,0.03785,0.03351,0.65506
2016-01-05T02:57:19Z,0.13304,0.01131,0.01464,0.00981,0.37038,0.05098,0.00534,0.01958,0.02828,0.01959,0.66295
2016-01-06T02:57:19Z,0.12311,0.02179,0.01896,0.00824,0.29398,0.05838,0.05618,0.02542,0.03902,0.01747,0.66255
2016-01-07T02:57:19Z,0.11786,0.01642,0.00053,0.01502,0.32416,0.05183,0.02947,0.02598,0.03595,0.02281,0.64003
2016-01-08T02:57:19Z,0.13215,0.00746,0.00080,0.01247,0.28338,0.05713,0.02044,0.00000,0.03172,0.01950,0.56505
2016-01-09T02:57:19Z,0.14996,0.02300,0.01119,0.01077,0.32650,0.05107,0.02938,0.02743,0.03084,0.02025,0.68039
2016-01-10T02:57:19Z,0.12421,0.02746,0.01257,0.00096,0.35170,0.06169,0.01389,0.02664,0.02814,0.02671,0.67397
2016-01-11T02:57:19Z,0.13055,0.02776,0.01019,0.01406,0.30695,0.05621,0.01778,0.02477,0.03564,0.02598,0.64989
2016-01-12T02:57:19Z,0.12097,0.02491,0.01328,0.01100,0.30569,0.07340,0.03196,0.02975,0.02794,0.02889,0.66779
2016-01-13T02:57:19Z,0.13605,0.02506,0.00116,0.00971,0.35501,0.07811,0.00578,0.02368,0.03586,0.02737,0.69779
2016-01-14T02:57:20Z,0.11185,0.01543,0.00058,0.01254,0.29302,0.08066,0.03646,0.02551,0.02615,0.02301,0.62521
2016-01-15T02:57:20Z,0.11166,0.01763,0.00087,0.00964,0.29569,0.07950,0.03137,0.02226,0.01849,0.02313,0.61024
2016-01-16T02:57:21Z,0.12356,0.02062,0.00397,0.00752,0.31918,0.07759,0.00085,0.02384,0.03051,0.02607,0.63371
2016-01-17T02:57:22Z,0.12073,0.03809,0.00106,0.00903,0.31345,0.08268,0.00958,0.02532,0.02007,0.02166,0.64167
2016-01-18T02:57:22Z,0.14941,0.02819,0.00109,0.01032,0.26354,0.07630,0.02746,0.02546,0.02831,0.02240,0.63248
2016-01-19T02:57:22Z,0.12075,0.02703,0.00969,0.00765,0.28120,0.07230,0.01440,0.02583,0.03570,0.02758,0.62213
2016-01-20T02:57:22Z,0.11997,0.01701,0.00515,0.00693,0.28209,0.07010,0.02665,0.02464,0.03268,0.01785,0.60307
2016-01-21T02:57:22Z,0.12923,0.01111,0.00178,0.00839,0.32778,0.07020,0.00928,0.02228,0.03675,0.02234,0.63914
2016-01-22T02:57:22Z,0.12099,0.02429,0.02519,0.01006,0.29576,0.06616,0.02717,0.02418,0.03455,0.01821,0.64656
2016-01-23T02:57:23Z,0.10047,0.02678,0.01404,0.00636,0.28199,0.06401,0.02409,0.02856,0.04171,0.02400,0.61201
2016-01-24T02:57:22Z,0.13648,0.02350,0.01266,0.00742,0.35115,0.07606,0.00129,0.02896,0.02981,0.02136,0.68869
2016-01-25T02:57:22Z,0.12367,0.02394,0.00181,0.01418,0.27168,0.07122,0.01841,0.02592,0.02600,0.02644,0.60327
2016-01-26T02:57:22Z,0.14194,0.03464,0.00323,0.00928,0.31062,0.04588,0.02529,0.02611,0.02707,0.02227,0.64633
2016-01-27T02:57:22Z,0.14800,0.01752,0.01980,0.00676,0.32934,0.04689,0.01636,0.02570,0.02820,0.01705,0.65562
2016-01-28T02:57:22Z,0.10438,0.02281,0.02831,0.00673,0.34524,0.06928,0.01804,0.02164,0.02589,0.03075,0.67307
2016-01-29T02:57:22Z,0.12844,0.01855,0.02336,0.00879,0.31163,0.07608,0.03034,0.00000,0.02807,0.02689,0.65215
2016-01-30T02:57:22Z,0.14703,0.02527,0.02420,0.01390,0.37339,0.03477,0.00527,0.01750,0.02690,0.02175,0.68998
2016-01-31T02:57:22Z,0.13677,0.01087,0.00279,0.01578,0.36943,0.04120,0.00415,0.02560,0.03096,0.03804,0.67559
2016-02-02T02:57:22Z,0.11278,0.01807,0.00150,0.01914,0.36023,0.05251,0.00228,0.02888,0.03631,0.03080,0.66250
2016-02-03T02:57:23Z,0.10759,0.04258,0.00774,0.02028,0.35182,0.03796,0.00461,0.02988,0.02106,0.03820,0.66172
2016-02-04T02:57:22Z,0.12566,0.02812,0.01241,0.00353,0.37299,0.03363,0.01195,0.02785,0.02592,0.02833,0.67039
2016-02-05T02:57:22Z,0.10392,0.02072,0.01374,0.01488,0.38429,0.03532,0.00411,0.03121,0.02211,0.04370,0.67400
2016-02-06T02:57:22Z,0.12352,0.03645,0.00701,0.01441,0.37660,0.03931,0.00191,0.02902,0.01398,0.03043,0.67264
2016-02-07T02:57:22Z,0.12565,0.02161,0.01453,0.02913,0.36663,0.03592,0.00875,0.00000,0.03432,0.02174,0.65828
2016-02-08T02:57:22Z,0.11944,0.03132,0.00071,0.02416,0.37820,0.03053,0.00622,0.03221,0.02407,0.03578,0.68264
2016-02-09T02:57:22Z,0.10260,0.01795,0.01273,0.01977,0.39221,0.02995,0.01152,0.03578,0.01659,0.03797,0.67707
2016-02-10T02:57:22Z,0.13830,0.03435,0.02079,0.01477,0.34266,0.04237,0.01056,0.03573,0.02728,0.02915,0.69596
2016-02-11T02:57:23Z,0.13190,0.02941,0.01564,0.03146,0.35633,0.03329,0.01943,0.03845,0.02505,0.03088,0.71184
2016-02-12T02:57:23Z,0.12919,0.02091,0.01381,0.02239,0.37064,0.03511,0.00782,0.03574,0.02640,0.02564,0.68765
2016-02-13T02:57:23Z,0.13418,0.02767,0.00493,0.01897,0.38159,0.03722,0.00623,0.03676,0.02829,0.02911,0.70495
2016-02-14T02:57:23Z,0.12742,0.01100,0.00836,0.00713,0.41940,0.03580,0.00970,0.03468,0.01780,0.02552,0.69681
2016-02-15T02:57:24Z,0.08293,0.01108,0.00272,0.01943,0.40626,0.03697,0.01835,0.03507,0.01800,0.02385,0.65466
2016-02-16T02:57:23Z,0.08224,0.01957,0.02044,0.03576,0.37045,0.02772,0.00418,0.03568,0.02768,0.02295,0.64667
2016-02-17T02:57:23Z,0.10492,0.01447,0.01780,0.02371,0.35900,0.03443,0.01507,0.03488,0.02388,0.02588,0.65404
2016-02-18T02:57:24Z,0.10085,0.00978,0.01422,0.01784,0.42328,0.04098,0.01121,0.03497,0.01852,0.02549,0.69714
2016-02-19T02:57:23Z,0.10808,0.02422,0.01585,0.00000,0.35262,0.03420,0.01859,0.03041,0.02845,0.02682,0.63924
2016-02-20T02:57:23Z,0.12085,0.01953,0.01758,0.00000,0.38172,0.03197,0.00739,0.00000,0.02169,0.02649,0.62722
2016-02-21T02:57:23Z,0.08496,0.01619,0.01851,0.00000,0.38364,0.03370,0.00379,0.02355,0.03514,0.02264,0.62212
2016-02-22T02:57:24Z,0.09652,0.01735,0.02211,0.00000,0.36416,0.04752,0.00375,0.02250,0.01834,0.03400,0.62625
2016-02-23T02:57:23Z,0.09310,0.02342,0.01587,0.00000,0.38587,0.04125,0.01196,0.02232,0.02994,0.03117,0.65490
2016-02-24T02:57:23Z,0.11964,0.03417,0.00201,0.00000,0.35471,0.04383,0.00589,0.02217,0.01994,0.03474,0.63710
2016-02-25T02:57:23Z,0.11850,0.01404,0.01426,0.00055,0.37136,0.04404,0.00721,0.02267,0.03071,0.03271,0.65605
2016-02-26T02:57:24Z,0.10495,0.04319,0.02347,0.00090,0.34160,0.03474,0.00487,0.02221,0.03237,0.02566,0.63396
2016-02-27T02:57:23Z,0.09440,0.01576,0.03312,0.00166,0.36215,0.05289,0.00390,0.03143,0.02508,0.02120,0.64159
2016-02-28T02:57:23Z,0.08116,0.01886,0.04619,0.00378,0.37227,0.04890,0.00416,0.00000,0.03484,0.03497,0.64513
2016-02-29T02:57:23Z,0.07706,0.00909,0.04170,0.00069,0.37815,0.03681,0.00962,0.03034,0.02632,0.04466,0.65444
2016-03-01T02:57:23Z,0.11042,0.01727,0.02954,0.00634,0.34090,0.03523,0.00483,0.02465,0.03214,0.04534,0.64666
2016-03-02T02:57:23Z,0.08178,0.02025,0.01809,0.00213,0.39034,0.03165,0.00387,0.02420,0.02472,0.03626,0.63329
2016-03-03T02:57:23Z,0.08452,0.02629,0.02860,0.00961,0.32478,0.02750,0.02568,0.02338,0.02697,0.03713,0.61446
2016-03-04T02:57:23Z,0.10530,0.03342,0.01930,0.01010,0.34940,0.02941,0.01564,0.02477,0.03415,0.02852,0.65001
2016-03-05T02:57:23Z,0.10006,0.01280,0.01907,0.00000,0.37912,0.01960,0.00492,0.02458,0.04201,0.02738,0.62954
2016-03-06T02:57:23Z,0.10798,0.01725,0.01691,0.00000,0.38228,0.02775,0.01084,0.02414,0.04077,0.02940,0.65732
2016-03-07T02:57:23Z,0.10059,0.02370,0.02249,0.00000,0.37015,0.02967,0.01535,0.02411,0.03804,0.03486,0.65896
2016-03-08T02:57:23Z,0.12321,0.03283,0.03616,0.00000,0.33196,0.03671,0.02566,0.02349,0.04037,0.02725,0.67764
2016-03-09T02:57:25Z,0.09386,0.03135,0.03201,0.00000,0.35470,0.02883,0.00807,0.01600,0.03809,0.03605,0.63896
2016-03-10T02:57:23Z,0.08646,0.02983,0.03616,0.00000,0.37782,0.03209,0.00370,0.01446,0.02744,0.03297,0.64093
2016-03-11T02:57:24Z,0.10326,0.01984,0.01851,0.00000,0.37655,0.03035,0.01038,0.01462,0.04306,0.02049,0.63706
2016-03-12T02:57:36Z,0.10330,0.01171,0.02237,0.00000,0.35004,0.03504,0.00064,0.02179,0.03344,0.02870,0.60703
2016-03-13T02:57:36Z,0.10050,0.01605,0.05004,0.00000,0.34995,0.03806,0.00978,0.01970,0.03490,0.03434,0.65332
2016-03-14T02:57:37Z,0.08957,0.03768,0.03010,0.00000,0.36732,0.03964,0.01896,0.01648,0.02651,0.03649,0.66275
2016-03-15T02:57:37Z,0.09987,0.03163,0.04346,0.00000,0.36751,0.04103,0.00454,0.01969,0.03263,0.02089,0.66125
2016-03-16T02:57:37Z,0.10066,0.02005,0.03741,0.00000,0.34281,0.04304,0.00762,0.01963,0.04969,0.02742,0.64833
2016-03-17T02:57:38Z,0.09340,0.01808,0.02451,0.00000,0.38324,0.04550,0.00069,0.01432,0.04967,0.02352,0.65293
2016-03-18T03:14:23Z,0.11767,0.02697,0.02610,0.00000,0.35389,0.04155,0.00046,0.01666,0.04570,0.01979,0.64879
2016-03-19T02:58:25Z,0.10801,0.03408,0.04282,0.00000,0.35343,0.04019,0.01542,0.01468,0.03473,0.02040,0.66376
2016-03-20T02:58:25Z,0.11005,0.03047,0.02867,0.00000,0.39740,0.05220,0.00908,0.01714,0.04759,0.02220,0.71480
2016-03-21T02:58:25Z,0.12210,0.01982,0.01574,0.00000,0.36810,0.03811,0.00376,0.01830,0.03698,0.02044,0.64335
2016-03-22T02:58:26Z,0.09560,0.03471,0.03390,0.00000,0.37901,0.04234,0.01034,0.01799,0.03468,0.02163,0.67020
2016-03-23T02:58:26Z,0.11821,0.02301,0.01614,0.00000,0.38481,0.04054,0.00247,0.01734,0.05308,0.02440,0.68000
2016-03-24T03:07:34Z,0.09604,0.01894,0.00677,0.00000,0.38331,0.04725,0.01681,0.01832,0.04756,0.01675,0.65175
2016-03-25T03:22:18Z,0.12072,0.02746,0.03051,0.00000,0.35690,0.02206,0.01842,0.01871,0.04885,0.02418,0.66781
2016-04-04T21:48:14Z,0.10859,0.02621,0.01799,0.00000,0.33478,0.03133,0.01504,0.02795,0.04021,0.03655,0.63865
2016-04-05T21:48:19Z,0.11967,0.03758,0.00209,0.00000,0.35290,0.03179,0.01168,0.02844,0.04745,0.02384,0.65544
2016-04-06T21:48:09Z,0.09809,0.03811,0.00561,0.00000,0.35918,0.03563,0.00494,0.03010,0.04982,0.03853,0.66001
2016-04-07T13:10:45Z,0.07860,0.03079,0.02406,0.00000,0.29808,0.02773,0.00294,0.02907,0.03666,0.02541,0.55334
2016-04-08T14:32:46Z,0.08435,0.02315,0.02760,0.00000,0.36730,0.03059,0.00423,0.02722,0.03999,0.02659,0.63102
2016-04-09T21:48:10Z,0.07871,0.02416,0.03630,0.00000,0.34922,0.03947,0.00216,0.02763,0.03301,0.01059,0.60125
2016-04-10T14:30:16Z,0.08706,0.03191,0.00974,0.00000,0.37700,0.02929,0.00178,0.00000,0.05492,0.03317,0.62487
2016-04-11T12:29:14Z,0.08268,0.01161,0.01449,0.00000,0.33684,0.02419,0.00275,0.02793,0.03703,0.01546,0.55298
2016-04-12T14:21:43Z,0.11161,0.04176,0.01138,0.00000,0.34641,0.02306,0.00349,0.02807,0.03680,0.02720,0.62978
2016-04-13T17:51:38Z,0.08153,0.01789,0.01870,0.00000,0.33366,0.02261,0.00778,0.02874,0.03726,0.01925,0.56742
2016-04-14T13:59:25Z,0.11556,0.03489,0.00526,0.00000,0.37473,0.02859,0.00154,0.02937,0.04736,0.02972,0.66702
2016-04-16T12:34:28Z,0.11175,0.02742,0.02851,0.00000,0.33482,0.02799,0.01595,0.02866,0.04661,0.02137,0.64308
2016-04-17T13:52:42Z,0.11191,0.02252,0.01263,0.00000,0.36008,0.02473,0.01567,0.02836,0.03567,0.02212,0.63369
2016-04-18T15:07:46Z,0.09189,0.04102,0.02202,0.00000,0.35756,0.02584,0.00174,0.02922,0.02402,0.02385,0.61716
2016-04-19T18:37:32Z,0.10974,0.02495,0.02248,0.00000,0.28275,0.02788,0.00769,0.02807,0.03783,0.02209,0.56348
2016-04-20T21:47:15Z,0.10278,0.02984,0.00602,0.00000,0.34075,0.03071,0.01248,0.00000,0.05651,0.02073,0.59982
